cc_num,change_date,new_job,new_city
4000000000000675,2024-02-06,Environmental health practitioner,Padillaberg
4000000000001700,2024-02-22,Software engineer,Lewismouth
4000000000001283,2024-05-20,Estate agent,Amandaport
4000000000001316,2024-04-11,Chief Financial Officer,Jessehaven
4000000000001211,2023-03-30,Museum education officer,Thomasside
4000000000001637,2024-01-05,Building surveyor,Michelleton
4000000000000614,2024-07-01,"Designer, jewellery",Brianaland
4000000000000448,2024-09-30,Building surveyor,New Robertburgh
4000000000001132,2024-10-26,Sub,East Tina
4000000000000809,2024-01-31,"Librarian, public",Port Howard
4000000000001497,2024-08-02,Medical sales representative,Chandlermouth
4000000000001469,2023-03-21,Chief Executive Officer,North Sophiashire
4000000000001683,2023-08-16,"Civil engineer, consulting",Ballardfurt
4000000000001150,2024-05-15,Careers information officer,Taylormouth
4000000000000443,2023-07-20,Sub,North Larry
4000000000001814,2023-03-20,Technical brewer,Lake Russell
4000000000000655,2024-07-03,Local government officer,Victorburgh
4000000000001265,2023-11-12,"Geologist, engineering",Richardbury
4000000000000859,2023-05-17,"Civil engineer, consulting",Valerieland
4000000000001483,2023-10-15,Agricultural consultant,Shannonville
4000000000000232,2024-01-16,"Designer, furniture",Andrewton
4000000000001822,2023-03-24,Theme park manager,Lake Nathanielburgh
4000000000001927,2024-09-18,Geophysicist/field seismologist,New Alexandermouth
4000000000000882,2024-02-19,Armed forces technical officer,Torresshire
4000000000000632,2023-09-14,"Designer, jewellery",Micheleburgh
4000000000000376,2023-12-05,Multimedia specialist,Lake Christine
4000000000001961,2024-08-13,Financial risk analyst,New Jeffery
4000000000000368,2023-11-24,"Engineer, manufacturing systems",Collinberg
4000000000000559,2023-11-30,"Psychologist, counselling",Audreymouth
4000000000000276,2023-09-11,Theme park manager,New Eduardo
4000000000001978,2023-10-02,"Production assistant, radio",Johnsonton
4000000000000875,2024-02-11,Museum/gallery conservator,Port Sarahport
4000000000001679,2024-10-30,Estate agent,West Feliciashire
4000000000000731,2023-04-08,Personnel officer,North Tyler
4000000000000574,2023-11-09,Therapeutic radiographer,New Samantha
4000000000000719,2024-02-20,English as a second language teacher,Mcfarlandside
4000000000000578,2024-08-26,Personnel officer,Bowersville
4000000000000057,2024-07-07,Medical sales representative,West Johnberg
4000000000000869,2023-09-22,"Exhibitions officer, museum/gallery",Port Travis
4000000000001729,2024-10-18,Careers information officer,Williamston
4000000000000187,2023-07-04,Corporate treasurer,Cochranshire
4000000000000283,2023-08-11,"Engineer, agricultural",Port Aprilmouth
4000000000001139,2024-05-08,"Civil engineer, consulting",Shermanborough
4000000000001045,2024-10-20,Building surveyor,Lukemouth
4000000000001069,2024-04-30,"Engineer, structural",West Sheryl
4000000000001625,2024-07-17,Risk analyst,Powellfurt
4000000000000676,2023-11-07,"Engineer, civil (contracting)",South Andrewville
4000000000001702,2024-09-27,"Social research officer, government",Annafurt
4000000000001887,2024-01-07,"Designer, furniture",Tylerport
4000000000001825,2024-10-07,Clinical research associate,New Marieborough
4000000000001762,2023-11-27,"Geneticist, molecular",West Patriciashire
4000000000001419,2024-10-28,Cartographer,Lake Lee
4000000000000588,2023-07-13,"Surveyor, mining",New Anthonyport
4000000000000193,2024-03-24,Corporate treasurer,Lopezside
4000000000000694,2023-05-10,"Surveyor, mining",Port Marciachester
4000000000000765,2023-11-16,Trade mark attorney,New Nathan
4000000000000672,2023-11-30,"Development worker, community",East Coreyburgh
4000000000000900,2024-06-22,"Civil engineer, consulting",Lake Luke
4000000000001689,2024-04-23,Museum education officer,South Jamie
4000000000001072,2024-09-26,Chief Strategy Officer,North Sandraborough
4000000000000305,2023-08-25,Museum/gallery conservator,West Adambury
4000000000000121,2023-11-02,Dramatherapist,Traceyfurt
4000000000001101,2023-10-25,"Geologist, engineering",West Samantha
4000000000001257,2023-05-19,Software engineer,Williamsberg
4000000000001416,2024-09-12,Therapeutic radiographer,New Elizabeth
4000000000000873,2023-05-11,Local government officer,Beckerport
4000000000001271,2024-07-10,Metallurgist,Lake Jill
4000000000000536,2024-01-11,"Designer, jewellery",Roberttown
4000000000000730,2023-10-31,English as a second language teacher,Colonfurt
4000000000001403,2024-06-26,"Designer, textile",Meganborough
4000000000001812,2024-03-22,Chartered loss adjuster,Kingtown
4000000000001619,2024-07-10,Professor Emeritus,Williamsmouth
4000000000001843,2023-07-24,"Engineer, civil (contracting)",Lake Hannah
4000000000001911,2024-10-09,Technical brewer,Lake Dannyburgh
4000000000001441,2023-12-24,"Engineer, manufacturing systems",Jonesside
4000000000001028,2023-08-06,Marine scientist,Garyview
4000000000001370,2023-09-23,Water engineer,Mitchellport
4000000000001136,2024-09-01,Ambulance person,Melissaview
4000000000001438,2024-03-13,Psychiatric nurse,Port Davidborough
4000000000000775,2023-11-29,"Designer, jewellery",New Meghanborough
4000000000000326,2023-11-18,Accounting technician,New Wendy
4000000000000656,2024-02-05,"Geneticist, molecular",Mendozaville
4000000000000103,2023-12-07,"Geneticist, molecular",North Marissa
4000000000000127,2024-10-08,Company secretary,North Kathryn
4000000000001054,2023-07-03,Museum/gallery conservator,East Ryanstad
4000000000001228,2023-07-10,Accounting technician,Rodgersmouth
4000000000000928,2023-11-07,Geophysicist/field seismologist,Lake Sarahborough
4000000000000049,2023-03-14,Metallurgist,Lake Louis
4000000000000112,2023-05-27,"Exhibitions officer, museum/gallery",East Matthewview
4000000000000237,2023-07-27,Building surveyor,West Steven
4000000000000373,2024-05-26,Agricultural consultant,South Normanport
4000000000000995,2023-10-29,Engineering geologist,East Jackborough
4000000000000286,2024-03-29,Psychiatric nurse,Dianemouth
4000000000001972,2024-08-26,Estate agent,Port Scottbury
4000000000001713,2024-07-12,"Librarian, public",Angelaberg
4000000000000561,2024-05-10,Museum education officer,Brianland
4000000000001298,2023-10-18,Geophysicist/field seismologist,Holmestown
4000000000001465,2024-10-09,Health physicist,Lake Sarah
4000000000000878,2024-05-09,Corporate treasurer,Benjaminville
4000000000000088,2024-04-23,Trade mark attorney,North Patrick
4000000000001686,2023-07-18,Careers information officer,Port Paulshire
4000000000000109,2024-01-05,Engineering geologist,Port Jeffreyton
4000000000000987,2024-06-24,Sub,North Deborahfort
4000000000000048,2024-08-23,"Designer, furniture",Campbellfurt
4000000000000699,2023-04-29,"Engineer, manufacturing systems",Kentbury
4000000000001955,2023-08-03,Chief Executive Officer,Salazarstad
4000000000001808,2023-05-13,Financial risk analyst,Mendozaberg
4000000000001343,2023-05-11,"Designer, textile",Herrerastad
4000000000000701,2024-09-04,Multimedia specialist,East Justin
4000000000001147,2024-06-08,Medical sales representative,South Yvette
4000000000000556,2024-07-29,Medical sales representative,West Jody
4000000000000479,2024-01-10,Estate agent,Trujilloberg
4000000000001481,2023-09-22,Museum/gallery conservator,South Robertside
4000000000001987,2023-06-23,Corporate treasurer,South David
4000000000000487,2024-09-08,Museum/gallery conservator,Jaredfurt
4000000000000858,2023-11-21,"Production assistant, radio",Stephensonmouth
4000000000000702,2024-04-18,Trade mark attorney,Wallacefurt
4000000000001087,2023-12-01,Medical sales representative,Coxmouth
4000000000001596,2024-01-04,"Pharmacist, hospital",Andersonhaven
4000000000001088,2023-06-13,Air traffic controller,East Jay
4000000000001059,2023-12-26,Sports administrator,New James
4000000000001232,2023-05-21,Marine scientist,Rachelside
4000000000001648,2024-09-23,Marine scientist,Brooksport
4000000000001220,2023-10-16,Clinical research associate,South Donald
4000000000000828,2024-06-20,Chartered loss adjuster,New Deniseport
4000000000001315,2024-05-17,Health physicist,Williamsborough
4000000000001248,2023-05-04,Accounting technician,Andreaburgh
4000000000001229,2023-11-08,"Engineer, agricultural",Gileschester
4000000000001945,2023-08-23,Chief Financial Officer,South Andrew
4000000000000951,2024-02-08,Health physicist,South Ashley
4000000000001238,2023-04-02,Marine scientist,West Tonya
4000000000000746,2023-09-08,Building control surveyor,Lake Richard
4000000000000762,2024-04-30,Therapeutic radiographer,East Robert
4000000000000407,2023-06-30,"Surveyor, mining",Sanchezberg
4000000000000693,2024-08-01,Financial risk analyst,Stewarthaven
4000000000001066,2023-09-30,Horticultural consultant,Lake Coltonland
4000000000001931,2023-03-22,"Geneticist, molecular",North Alanton
4000000000000349,2024-03-20,Environmental health practitioner,Melissamouth
4000000000001787,2023-08-23,Ambulance person,Jamesberg
4000000000000170,2024-08-22,Therapeutic radiographer,West Mary
4000000000000888,2023-08-19,"Civil engineer, consulting",Cindymouth
4000000000000481,2023-09-08,Personnel officer,Alvarezburgh
4000000000001611,2023-08-24,"Designer, furniture",Kevinside
4000000000001335,2024-02-07,Building surveyor,East Frank
4000000000000513,2024-07-17,Therapeutic radiographer,New Reneechester
4000000000001422,2023-08-16,Dramatherapist,New Andrea
4000000000001167,2023-06-22,"Pharmacist, hospital",Gravesview
4000000000001947,2023-03-11,"Engineer, structural",North Elizabeth
4000000000001074,2023-10-18,Medical illustrator,South Colton
4000000000001692,2023-09-07,Sub,East Nicolefort
4000000000000511,2023-03-18,Estate agent,Woodstown
4000000000000390,2024-06-19,Water engineer,Sarahshire
4000000000001658,2024-03-11,Building control surveyor,South Patricia
4000000000001029,2024-02-05,Local government officer,Pottsshire
4000000000000182,2024-01-17,Haematologist,Nicoleland
4000000000001541,2024-05-07,Sub,Caseyberg
4000000000001244,2024-05-03,"Exhibitions officer, museum/gallery",Ericaberg
4000000000001863,2024-05-16,Marine scientist,Port Susanborough
4000000000000613,2023-07-29,Clinical research associate,Kellyland
4000000000001429,2024-01-16,Geophysicist/field seismologist,Carriefort
4000000000001110,2023-07-24,Chartered loss adjuster,New Patriciachester
4000000000001552,2024-04-07,"Social research officer, government",West Melissa
4000000000001168,2024-05-26,Corporate treasurer,New Juan
4000000000000624,2024-01-06,Therapeutic radiographer,South Lucasburgh
4000000000000138,2024-07-01,Software engineer,Lake Johnport
4000000000001568,2024-05-21,Professor Emeritus,Shanechester
4000000000000162,2023-12-27,Chief Financial Officer,Billymouth
4000000000000310,2024-10-02,Museum/gallery conservator,West Andreaberg
4000000000001263,2023-09-21,Chief Strategy Officer,Lake Ashleyport
4000000000000749,2024-08-31,"Psychologist, counselling",Gonzalezfort
4000000000000698,2023-12-09,Ambulance person,Priceview
4000000000001444,2023-09-22,Chief Executive Officer,Rogershaven
4000000000000178,2024-01-31,Armed forces technical officer,Russellmouth
4000000000001562,2023-12-14,Careers information officer,West Jennifer
4000000000000271,2023-12-10,Hospital doctor,South Juan
4000000000000526,2023-08-31,Financial risk analyst,South Samanthaland
4000000000000988,2023-11-05,"Exhibitions officer, museum/gallery",Michelleville
4000000000000847,2024-04-24,"Engineer, civil (contracting)",Port Davidville
4000000000000564,2023-12-04,Marine scientist,North Gregory
4000000000001266,2023-04-30,"Designer, jewellery",East Ashleybury
4000000000000994,2024-08-21,Town planner,Port Charlestown
4000000000001603,2023-06-14,Hospital doctor,Mollyland
4000000000000662,2023-11-06,"Engineer, manufacturing systems",New Connie
4000000000001991,2024-08-28,Museum/gallery conservator,Welchmouth
4000000000001016,2023-09-09,Aid worker,New Davidberg
4000000000001633,2024-04-23,Chief Strategy Officer,Lake Sara
4000000000001292,2024-05-24,Multimedia specialist,North Jennifer
4000000000001407,2023-06-10,Agricultural consultant,North Ryanbury
4000000000000195,2023-05-16,"Geologist, engineering",North Jennifer
4000000000000626,2024-10-31,Building surveyor,Floreshaven
4000000000000383,2024-03-30,Aid worker,South Lisa
4000000000001519,2024-09-02,"Exhibitions officer, museum/gallery",Jacobsburgh
4000000000001216,2024-03-05,Corporate treasurer,Robertsshire
4000000000001548,2024-04-20,Clinical research associate,South Jacksontown
4000000000000259,2023-10-31,Dramatherapist,East Terriview
4000000000000076,2023-05-22,"Development worker, community",New Barbara
4000000000000191,2024-06-13,Hospital doctor,Lake David
4000000000000322,2023-08-25,Marine scientist,East Jacobmouth
4000000000000973,2024-09-11,"Geologist, engineering",East Ralph
4000000000000927,2023-11-27,"Pharmacist, hospital",Carolynhaven
4000000000000542,2024-09-09,Mechanical engineer,Jefferyview
4000000000001133,2024-08-28,Health physicist,Jillhaven
4000000000001583,2024-07-14,Psychiatric nurse,Lake Pamelaview
4000000000001245,2024-05-05,Accounting technician,Karenland
4000000000001948,2023-08-22,Medical illustrator,North Troyton
4000000000000861,2024-02-26,Medical sales representative,Millermouth
4000000000001477,2023-09-27,Aid worker,Lake Emilymouth
4000000000001786,2024-05-21,"Engineer, civil (contracting)",Helenland
4000000000001268,2023-04-12,English as a second language teacher,Jessicamouth
4000000000000841,2024-02-22,"Designer, jewellery",Howardfort
4000000000001635,2024-06-24,Museum education officer,Victorfort
4000000000001866,2024-02-05,"Designer, furniture",Amyborough
4000000000000293,2024-03-22,"Production assistant, radio",New George
4000000000000661,2024-06-03,Engineering geologist,Robertmouth
4000000000000825,2024-02-03,English as a second language teacher,Sandrafurt
4000000000000302,2023-04-21,Transport planner,Meltonmouth
4000000000000926,2023-07-13,"Civil engineer, consulting",Hernandezfurt
4000000000000454,2023-03-19,"Geologist, engineering",Herringberg
4000000000001779,2024-05-09,Cartographer,Patrickberg
4000000000000944,2024-02-13,"Geologist, engineering",Diazchester
4000000000001448,2024-05-09,Therapeutic radiographer,East Brittany
4000000000001529,2024-07-19,Museum/gallery conservator,East Cody
4000000000001337,2023-04-15,Chartered loss adjuster,Kennedyview
4000000000000120,2023-11-26,"Designer, furniture",Jamesfort
4000000000001899,2024-03-06,Air traffic controller,Mooreside
4000000000000038,2024-08-31,Theme park manager,Jeremyfort
4000000000000862,2023-06-24,"Social research officer, government",Reynoldsburgh
4000000000001042,2023-04-20,Museum/gallery conservator,Costaton
4000000000000242,2024-08-12,"Geneticist, molecular",Suzanneland
4000000000001555,2023-12-02,Software engineer,Janiceport
4000000000001377,2023-04-21,Risk analyst,East April
4000000000001247,2024-09-10,"Librarian, public",Larachester
4000000000001788,2023-10-02,Air traffic controller,Smithport
4000000000000953,2024-05-17,Chief Executive Officer,West Crystal
4000000000000224,2023-09-13,Geophysicist/field seismologist,Carrberg
4000000000001052,2024-09-17,Chartered loss adjuster,Matthewstad
4000000000000780,2023-03-23,"Production assistant, radio",West Annette
4000000000001457,2024-09-06,Local government officer,Brownmouth
4000000000001272,2024-06-08,Museum/gallery conservator,Robertborough
4000000000001502,2024-03-17,Estate agent,Haleymouth
